title,description,url,image_url,category
MomCozy M6 Breast Pump,The breast pump my insurance covered 100%,https://amzn.to/4vUQHVe,https://m.media-amazon.com/images/I/61Ki++kjwnL._AC_SL1500_.jpg,Feeding
Dr. Brown's Bottles x5,Anti-colic bottles I swear by,https://amzn.to/4n3gB5m,,Feeding
Bottle Sterilizer & Dryer,Sterilizes and dries in one,https://amzn.to/4cNHjKk,,Feeding
Bottle Washer Sterilizer Dryer,All-in-one bottle cleaning,https://amzn.to/4tIFcie,,Feeding
MomCozy Bottle Cleaning Kit,Keeps everything spotless,https://amzn.to/3OIQfJ3,,Feeding
Burp Cloths,Soft and actually absorbent,https://amzn.to/4cNFuyt,,Feeding
HOFISH Nursing Bras 3-Pack,$39.99 — way better than La Vie en Rose,https://amzn.to/4tAjKuJ,,Postpartum
Crib,The exact crib I got for $100,https://amzn.to/48XjkHu,,Sleep
Swaddle Sleep Sacks,My baby sleeps so much better in these,https://amzn.to/4cJlHi4,,Sleep
Baby Camera (MomCozy),Peace of mind at night,https://amzn.to/42GPUtv,,Sleep
Crib Bedsheet Set,Soft and easy to wash,https://amzn.to/4vZqtki,,Sleep
Chicco Stroller,The $465 stroller I got on Amazon,https://amzn.to/3P6TBWo,https://m.media-amazon.com/images/I/71pbw0W5wuL._AC_SL1500_.jpg,Gear
Graco Stroller,Great budget alternative,https://amzn.to/3OzV9bj,,Gear
Bouncer,Baby approved,https://amzn.to/3QGzONW,,Gear
Baby Bath Tub,Makes bath time easy,https://amzn.to/4ema2sh,,Gear
Wash Cloths,Gentle on baby skin,https://amzn.to/3OtXMLO,,Gear
Nail Filer Set,Safe for newborns,https://amzn.to/423mfKT,,Gear
Diaper Genie,Worth every penny,https://amzn.to/3R6Q3nw,,Gear
Waterproof Change Mats,Non-negotiable for every room,https://amzn.to/3Qurxg7,,Gear
